<?xml version="1.0" encoding="UTF-8"?>
<beans xmlns="http://www.springframework.org/schema/beans"
       xmlns:xsi="http://www.w3.org/2001/XMLSchema-instance"
       xmlns:context="http://www.springframework.org/schema/context"
       xsi:schemaLocation="http://www.springframework.org/schema/beans
   http://www.springframework.org/schema/beans/spring-beans.xsd
   http://www.springframework.org/schema/context
   http://www.springframework.org/schema/context/spring-context.xsd">
    <!-- 扫描service相关的bean -->
    <context:component-scan base-package="com.cl.service"/>
    <!--将业务类注入到spring，可以通过配置或者注解实现(BookServiceImpl注入到IOC容器中)-->
    <bean id="UserServiceImpl" class="com.cl.service.UserServiceImpl">
        <property name="userMapper" ref="userMapper"/>
    </bean>
    <bean id="NewsServiceImpl" class="com.cl.service.NewsServiceImpl">
        <property name="newsMapper" ref="newsMapper"/>
    </bean>

    <!--声明事务配置-->
    <bean id="transactionManager" class="org.springframework.jdbc.datasource.DataSourceTransactionManager">
        <!--注入数据源-->
        <property name="dataSource" ref="dataSource"/>
    </bean>
    <!--aop事务支持-->
</beans>