<?xml version="1.0" encoding="UTF-8" ?>
<!DOCTYPE mapper
        PUBLIC "-//mybatis.org//DTD Config 3.0//EN"
        "http://mybatis.org/dtd/mybatis-3-mapper.dtd">
<mapper namespace="com.cl.dao.NewsMapper">

    <insert id="addNews" parameterType="News">
        insert into news (newsTitle,newsContent,publishDate,newsPic)
        values (#{newsTitle},#{newsContent},#{publishDate},#{newsPic});
    </insert>
    <delete id="deleteNewsById" parameterType="int">
         delete from news
         where newsId = #{newsId};
    </delete>
    <update id="updateNews" parameterType="com.cl.pojo.News">
        update news
        set newsTitle=#{newsTitle},newsContent=#{newsContent},publishDate=#{publishDate},newsPic=#{newsPic}
        where newsId=#{newsId};
    </update>
    <select id="queryNewsById" resultType="com.cl.pojo.News">
        select * from news
        where newsId = #{newsId};
    </select>
    <select id="queryAllNews" resultType="com.cl.pojo.News">
        select * from news;
    </select>

    <select id="queryNewsByName" resultType="com.cl.pojo.News">
        select * from news where newsTitle like concat('%', #{newsTitle}, '%');
    </select>

</mapper>