<?xml version="1.0" encoding="UTF-8" ?>
<!DOCTYPE mapper
        PUBLIC "-//mybatis.org//DTD Config 3.0//EN"
        "http://mybatis.org/dtd/mybatis-3-mapper.dtd">
<mapper namespace="com.cl.dao.UserMapper">

    <insert id="addUser" parameterType="User">
        insert into user (username,password,realname,mobile,age,email)
        values (#{username},#{password},#{realname},#{mobile},#{age},#{email});
    </insert>
    <delete id="deleteUserById" parameterType="int">
         delete from user
         where userid = #{userid};
    </delete>
    <update id="updateUser" parameterType="com.cl.pojo.User">
        update user
        set username=#{username},password=#{password},realname=#{realname},mobile=#{mobile},age=#{age},email=#{email}
        where userid=#{userid};
    </update>
    <select id="queryUserById" resultType="com.cl.pojo.User">
        select * from user
        where userid = #{userid};
    </select>
    <select id="queryAllUser" resultType="com.cl.pojo.User">
        select * from user;
    </select>
    
    <select id="queryUserByName" resultType="com.cl.pojo.User">
        select * from user where username like concat('%', #{username}, '%');
    </select>

    <select id="queryUserByusername" resultType="com.cl.pojo.User">
        select * from user where username = #{username} and password = #{password};
    </select>



</mapper>